{"mean": [58.386138916015625, 28.125411987304688, 25.178218841552734], "std": [23.500144958496094, 12.907800674438477, 10.945265769958496]}
