{"mean": [250.92308044433594, 15.18520736694336, 22.860946655273438, 13.142603874206543], "std": [170.64926147460938, 12.814655303955078, 19.008207321166992, 14.321125030517578]}
