{"mean": [252.92308044433594, 12.18520736694336, 22.860946655273438, 13.142603874206543], "std": [170.64926147460938, 10.814655303955078, 19.008207321166992, 14.321125030517578]}